text,language
Most shark attacks occur about 10 feet from the beach since that's where the people are, English
Ze adviseerde hem om onmiddellijk terug te komen,Nederlands
Terwijl de huurauto tot stilstand kwam op de donkere weg nam haar angst toe met het moment,Nederlands
Ik wilde je gewoon vertellen dat ik de liefde die je voor je kind hebt kon zien aan de manier waarop je naar haar kijkt,Nederlands
She had convinced her kids that any mushroom found on the ground would kill them if they touched it, English
Het geheime ingrediënt voor zijn geweldige leven was misdaad,Nederlands
He wasn't bitter that she had moved on but from the radish, English
Grape jelly was leaking out the hole in the roof, English
Sy het sy algehele eentonigheid interessant gevind,Afrikaans
Die onlangs aangeplante bome was met houtrame vasgehou in die hoop dat hulle die volgende storm sou oorleef,Afrikaans
De lichaamspiercing verliep niet precies zoals hij had verwacht,Nederlands
Hij had per ongeluk het server van zijn bedrijf gehackt,Nederlands
In het moment dat ze landde begreep ze waarom dit een doorvliegstaat was,Nederlands
Verlede Vrydag het ek 'n gemerkte gestreepte blou wurm gesien wat hande met 'n potlood-lizard geskud het,Afrikaans
Piss niet in mijn tuin en vertel me niet dat je probeert mijn planten te laten groeien,Nederlands
De roestige spijker stond rechtop gekanteld onder een hoek van 45 graden wachtend op de perfecte blote voet om langs te komen,Nederlands
As hy geweet het wat gaan gebeur het hy nooit in die stort gestap nie,Afrikaans
De norse oude man zat achterin de aaswinkel te mopperen terwijl hij een handvol wormen schepte,Nederlands
Dan ate the clouds like cotton candy, English
Hij is geen James Bond; zijn naam is Roger Moore,Nederlands
Ze was te kort om over het hek te kijken,Nederlands
Tom het 'n klein stukkie tert gekry,Afrikaans
Soms hoef je alleen maar helemaal een idioot van jezelf te maken en het van je af te lachen om te beseffen dat het leven toch niet zo slecht is,Nederlands
Iguanas were falling out of the trees, English
The complicated school homework left the parents trying to help their kids quite confused, English
We moeten een kamer huren voor ons feest,Nederlands
Asseblief sê vir my jy werk nie in 'n lykhuise nie,Afrikaans
Ek wil regtig werk gaan maar ek is te siek om te ry,Afrikaans
Ek was baie trots op my bynaam deur middel van hoërskool maar vandag kan ek nie meer anders as wat my bynaam was nie,Afrikaans
Die golwe het op die oewer geklap dit was 'n pragtige gesig,Afrikaans
Één kleine actie zou haar leven veranderen maar of het beter of slechter zou worden moest nog worden bepaald,Nederlands
It was always dangerous to drive with him since he insisted the safety cones were a slalom course, English
Hulle het vroeg daar gekom en hulle het regtig goeie sitplekke gekry,Afrikaans
Het komt niet vaak voor dat je een doorweekte banaan op straat vindt,Nederlands
Alhoewel hy gedink het die wêreld was plat het hy nie die ironie gesien om reg rondom die wêreld te reis nie,Afrikaans
Die liggaamspiering het nie presies gegaan soos wat hy verwag het nie,Afrikaans
He wondered if it could be called a beach if there was no sand, English
It's difficult to understand the lengths he'd go to remain short, English
De snelle bruine vos springt over de luie hond,Nederlands
Katte is goeie troeteldiere want hulle is skoon en is nie luidrugtig nie,Afrikaans
Joyce enjoyed eating pancakes with ketchup, English
Het was het beste zandkasteel dat hij ooit had gezien,Nederlands
The hand sanitizer was actually clear glue, English
There was no telling what thoughts would come from the machine, English
Rooi is beslis groener as pers,Afrikaans
The wake behind the boat told of the past while the open sea foretold life in the unknown future, English
Various sea birds are elegant but nothing is as elegant as a gliding pelican, English
Flying fish flew by the space station, English
Die meer is 'n lang pad van hier,Afrikaans
Toe ek klein was het ek 'n motor deur op my hand geslaan en ek onthou dit steeds baie lewendig,Afrikaans
Ik houd ervan om na mijn acht-uur durende theepauze van mijn werk te vertrekken,Nederlands
Dit is de laatste willekeurige zin die ik zal schrijven en ik ga halverwege stoppen,Nederlands
When nobody is around the trees gossip about the people who have walked under them, English
Hy het die belangrike les geleer dat 'n piekniek op die strand op 'n winderige dag 'n slegte idee is,Afrikaans
You bite up because of your lower jaw, English
Fluffy roze eenhoorns zijn een populair statussymbool onder macho mannen,Nederlands
Toen ik klein was heeft een autodeur op mijn hand geklapt en ik herinner me het nog behoorlijk levendig,Nederlands
Natuurlik hou sy van haar pienk haas-skoene,Afrikaans
Jy kan appels en lemoene nie vergelyk nie maar wat van piesangs en plantains,Afrikaans
He created a pig burger out of beef, English
The crowd yells and screams for more memes, English
Hij besloot dat waterskiën op een bevroren meer geen goed idee was,Nederlands
De olifant wilde niet praten over de persoon in de kamer,Nederlands
Sy werk twee werke om die eindes te ontmoet ten minste was dit haar rede vir nie tyd om by ons aan te sluit nie,Afrikaans
There are no heroes in a punk rock band, English
Lightning Paradise was the local hangout joint where the group usually ended up spending the night, English
Jy het die hele dag na my gekyk en gewag vir jou beweging soos 'n leeu wat 'n gazelle in die savanne stalk,Afrikaans
She cried diamonds, English
Hij was bereid de diepten van het konijnenhol te verkennen om bij haar te zijn,Nederlands
Alles wat ze wilde was het antwoord maar ze had geen idee hoeveel ze het zou haten,Nederlands
Hy was seker die Duiwel het rooi blink glitter geskep,Afrikaans
De lucht is helder de sterren fonkelen,Nederlands
Het werd aanbevolen om eieren op donderdag te eten voor koorrepetitie,Nederlands
He was sitting in a trash can with high street class, English
Ze kwamen er vroeg aan en kregen echt goede zitplaatsen,Nederlands
Roze paarden galoppeerden over de zee,Nederlands
Ook al dacht hij dat de wereld plat was zag hij de ironie niet in van de wens om rond de wereld te reizen,Nederlands
Nu moet ik mijn bestaan overdenken en mezelf afvragen of ik echt besta,Nederlands
After fighting off the alligator Brian still had to face the anaconda, English
Sy het nie haar koppie koffie gehad nie en dit het alles net erger gemaak,Afrikaans
Slaan my met jou troeteldier haai,Afrikaans
Hy het gehaat dat hy lief gehad het wat sy gehaat het oor haat,Afrikaans
Wacht alsjeblieft buiten het huis,Nederlands
All they could see was the blue water surrounding their sailboat, English
I ate a sock because people on the Internet told me to, English
Hy het agter die deur gekyk en het nie van wat hy gesien het gehou nie,Afrikaans
Ze voelde die rilling die de haren op je nek doet rechtstaan toen hij de kamer binnenkwam,Nederlands
Moet nie in my tuin piss en vir my sê jy probeer om my plante te laat groei nie,Afrikaans
He kept telling himself that one day it would all somehow make sense, English
Zestig-Vier komt om brood vragen,Nederlands
Kat is een goed huisdier omdat ze schoon zijn en niet luidruchtig,Nederlands
Sla me met je huisdierhaai,Nederlands
Er zit kunst in het krijgen van je zin en het spugen van olijvenpitten over de tafel is dat niet,Nederlands
In that instant everything changed, English
The Tsunami wave crashed against the raised houses and broke the pilings as if they were toothpicks, English
To the surprise of everyone the Rapture happened yesterday but it didn't quite go as expected, English
Pat bestelde een ghost pepper-taart,Nederlands
Hij vroeg zich af waarom hij op 18-jarige leeftijd oud genoeg was om naar de oorlog te gaan maar niet oud genoeg om sigaretten te kopen,Nederlands
Winkels zijn geweldige plekken om te shoppen ik kan alles vinden wat ik nodig heb onder één dak,Nederlands
25 jaar later het sy steeds daardie spesifieke oomblik betreur,Afrikaans
Her life in the confines of the house became her new normal, English
Natuurlijk houdt ze van haar roze bunny slippers,Nederlands
The father died during childbirth, English
Iguanas het uit die bome geval,Afrikaans
So lank en dankie vir die vis,Afrikaans
Terwijl je alle mogelijke manieren overweegt om jezelf en de wereld te verbeteren merk je op dat John Travolta behoorlijk ongelukkig lijkt,Nederlands
Had hij geweten wat er zou gebeuren zou hij nooit de douche zijn ingestapt,Nederlands
She saw no irony asking me to change but wanting me to accept her for who she is, English
Dan took the deep dive down the rabbit hole, English
She was amazed by the large chunks of ice washing up on the beach, English
Smokey de Beer startte stiekem de branden,Nederlands
The blue parrot drove by the hitchhiking mongoose, English
Verskeie see voëls is elegant maar niks is so elegant soos 'n glidende pelikaan nie,Afrikaans
Dinsdagen zijn gratis als je een kabouterkostuum meebrengt,Nederlands
Dit gebeur nie dikwels dat jy 'n pap piesang op die straat vind nie,Afrikaans
Die waarheid is dat jy vir jou lewenstyl in ure betaal,Afrikaans
At that moment she realized she had a sixth sense, English
Hy het gesweer hy het net sy sushi sien bewe,Afrikaans
Hij vroeg zich af of het een strand genoemd kon worden als er geen zand was,Nederlands
Stap niet op het gebroken glas,Nederlands
Ja ek dink dit is 'n goeie omgewing om Engels te leer,Afrikaans
We should play with Legos at camp, English
Ses-en-sestig kom vra vir brood,Afrikaans
He liked to play with words in the bathtub, English
Flesh-colored yoga pants were far worse than even he feared, English
Hij zou alleen overleven als hij het vuur brandende hield en hij kon in de verte donder horen,Nederlands
Ek hou daarvan om na werk te gaan na my agt-uur tee-onderbreking,Afrikaans
De messen waren uit en zij was bezig haarne op te scherpen,Nederlands
The secret ingredient to his wonderful life was crime, English
Hy het die punt bereik waar hy paranoïes was oor om paranoïes te wees,Afrikaans
Twee dagen en al zijn problemen zouden opgelost zijn,Nederlands
Hij vertelde ons een heel spannend avontuurverhaal,Nederlands
Ek is 'n lewende verwarming,Afrikaans
She moved forward only because she trusted that the ending she now was going through must be followed by a new beginning, English
Wysheid word maklik verkry wanneer jy onder die bed verborge met 'n kastrol op jou kop,Afrikaans
Niks het uit plek gelyk behalwe die wasmasjien in die kroeg,Afrikaans
She had a habit of taking showers in lemonade, English
Er had een tijd en een plaats moeten zijn maar dit was het niet,Nederlands
I met an interesting turtle while the song on the radio blasted away, English
Hij was er zeker van dat de Duivel rode glinsterende glitter had gemaakt,Nederlands
Er kunnen nooit te veel kersen op een ijssundae zijn,Nederlands
Hy het die moeilikste les van sy lewe geleer en het die littekens beide fisies en geestelik om dit te bewys,Afrikaans
Het publiek schreeuwt en roept om meer memes,Nederlands
Hy was so besig om te oorweeg of hy kon dat hy nie gestop het om te oorweeg of hy moes nie,Afrikaans
8% van 25 is dieselfde as 25% van 8 en een van hulle is baie makliker om in jou kop te doen,Afrikaans
Toen hij uit het raam keek zag hij een clown voorbij lopen,Nederlands
Sy het diamante gehuil,Afrikaans
In the end he realized he could see sound and hear words, English
Daar was kool in sy kouse en hy was opgewonde,Afrikaans
The irony of the situation wasn't lost on anyone in the room, English
Ons was nog nooit in Asië nie en het ook nie Afrika besoek nie,Afrikaans
He was surprised that his immense laziness was inspirational to others, English
Terwyl hy gewag het vir die stort om op te warm het hy opgemerk dat hy die water se temperatuur kon hoor verander,Afrikaans
He would only survive if he kept the fire going and he could hear thunder in the distance, English
Hy het gedink dat 'n paar dynamietstokkies makliker was as 'n visvangstok om vis te vang,Afrikaans
When I cook spaghetti I like to boil it a few minutes past al dente so the noodles are super slippery, English
Hy het versigtig op die brug gestap wetende dat betowering aan die ander kant gewag het,Afrikaans
We hebben veel regen in juni,Nederlands
De klok op deze blog en de klok op mijn laptop verschillen 1 uur van elkaar,Nederlands
In die einde het hy besef hy kon klank sien en woorde hoor,Afrikaans
Hij ging voor een korte wandeling maar nu kon hij alleen maar mangroven en water zien voor mijlen,Nederlands
Het moet ergens vijf uur zijn,Nederlands
Die ironie van die situasie was nie verlore op iemand in die kamer nie,Afrikaans
8% of 25 is the same as 25% of 8 and one of them is much easier to do in your head, English
Een liedje kan iemands dag maken of verpesten als ze het laten binnenkomen,Nederlands
Iedere persoon die je kent heeft een andere perceptie van wie je bent,Nederlands
He put heat on the wound to see what would grow, English
Getting up at dawn is for the birds, English
Dit maakte hem het gevoel te geven van een oude rootbeer float,Nederlands
Watching the geriatric men’s softball team brought back memories of 3 yr olds playing t-ball, English
Ze wilde een huisdier platypus maar kreeg in plaats daarvan een eend en een fret,Nederlands
It was a really good Monday for being a Saturday, English
Aardappelpartjes zijn waarschijnlijk niet het beste voor relaties,Nederlands
Hy is goed in die eet van suurlemoensap en om vroue van sy emosionele probleme te vertel,Afrikaans
Dit het hom laat voel soos wat 'n ou styl rootbier float ruik,Afrikaans
Ek is 'n goeie luisteraar regtig goed met empatie teenoor simpatie en alles maar ek haat mense,Afrikaans
If any cop asks you where you were just say you were visiting Kansas, English
Sy het uiteindelik verstaan dat rou haar liefde was met geen plek om te gaan nie,Afrikaans
He knew it was going to be a bad day when he saw mountain lions roaming the streets, English
A quiet house is nice until you are ordered to stay in it for months, English
There have been days when I wished to be separated from my body but today wasn’t one of those days, English
Seek success but always be prepared for random cats, English
The near-death experience brought new ideas to light, English
Tuesdays are free if you bring a gnome costume, English
The clouds formed beautiful animals in the sky that eventually created a tornado to wreak havoc, English
I just wanted to tell you I could see the love you have for your child by the way you look at her, English
Hulle gooi kool wat jou brein in emosionele bagasie verander,Afrikaans
The lyrics of the song sounded like fingernails on a chalkboard, English
The elephant didn't want to talk about the person in the room, English
Daar was geen roomys in die vrieskas nie en hulle het ook nie geld gehad om na die winkel te gaan nie,Afrikaans
He wore the surgical mask in public not to keep from catching a virus but to keep people away from him, English
Het was altijd gevaarlijk om met hem te rijden aangezien hij volhield dat de veiligheidsconen een slalomcircuit waren,Nederlands
I’m working on a sweet potato farm, English
Ze had geweldig nieuws om te delen maar niemand om het mee te delen,Nederlands
Ek sien dikwels die tyd 11:11 of 12:34 op horlosies,Afrikaans
Haar hare was deur die wind gewaai terwyl sy in die swart oop motor ry,Afrikaans
Er was geen ijs in de vriezer en ze hadden ook geen geld om naar de winkel te gaan,Nederlands
Daar kan nooit te veel kersies op 'n roomys-sondag wees nie,Afrikaans
Ek wil 'n onesie koop maar weet dit sal nie vir my pas nie,Afrikaans
The thick foliage and intertwined vines made the hike nearly impossible, English
Sy sewe-laag koek het net ses lae gehad,Afrikaans
Moet nie op die gebroke glas trap nie,Afrikaans
The swirled lollipop had issues with the pop rock candy, English
Hy het nie verstaan waarom die voël die fiets wou ry nie,Afrikaans
As time wore on simple dog commands turned into full paragraphs explaining why the dog couldn’t do something, English
Hij zwoer dat hij net zijn sushi zag bewegen,Nederlands
The pigs were insulted that they were named hamburgers, English
Hy het nie die waarskuwing gevolg nie en dit het verrassend goed uitgewerk,Afrikaans
Sy het geen ironie gesien om my te vra om te verander maar vir my te vra om haar te aanvaar vir wie sy is nie,Afrikaans
Erin accidentally created a new universe, English
He loved eating his bananas in hot dog buns, English
He had unknowingly taken up sleepwalking as a nighttime hobby, English
Garlic ice-cream was her favorite, English
Ik controleerde om te zorgen dat hij nog leefde,Nederlands
Niemand vra wie die piramides in Mexiko gebou het nie,Afrikaans
It caught him off guard that space smelled of seared steak, English
Dit is die laaste ewekansige sin wat ek sal skryf en ek gaan stop mid-sin,Afrikaans
Haar daaglikse doel was om op gister te verbeter,Afrikaans
Shakespeare was a famous 17th-century diesel mechanic, English
The bullet pierced the window shattering it before missing Danny's head by mere millimeters, English
Drie generaties met zes decennia levenservaring,Nederlands
Ik hoor dat Nancy erg mooi is,Nederlands
Ek het tans 4 vensters oop en ek weet nie hoekom nie,Afrikaans
Hij ging terug naar de video om te zien wat er was opgenomen en was geschokt door wat hij zag,Nederlands
The fish listened intently to what the frogs had to say, English
Haar dagelijkse doel was om beter te worden dan gisteren,Nederlands
I purchased a baby clown from the Russian terrorist black market, English
The tattered work gloves speak of the many hours of hard labor he endured throughout his life, English
Too many prisons have become early coffins, English
Hulle het in 'n vreemde Tiki kroeg aan die rand van die klein strand dorpie dwaal,Afrikaans
Ze werkt twee banen om rond te komen dat was tenminste haar reden om geen tijd te hebben om met ons mee te doen,Nederlands
Hy het die chirurgiese masker in die openbaar gedra nie om 'n virus te voorkom nie maar om mense weg te hou,Afrikaans
Hij begreep niet waarom de vogel de fiets wilde rijden,Nederlands
Een klein aksie sou haar lewe verander maar of dit vir beter of vir erger sou wees was nog nie bepaal nie,Afrikaans
He waited for the stop sign to turn to a go sign, English
De rivier stal de goden,Nederlands
The two walked down the slot canyon oblivious to the sound of thunder in the distance, English
Ek dink ek gaan die rooi motor koop of ek gaan die blou een lease,Afrikaans
Mothers spend months of their lives waiting on their children, English
Ik houd van het eten van geroosterde kaas- en tonijnsandwiches,Nederlands
Rockmuziek nadert met hoge snelheid,Nederlands
One small action would change her life but whether it would be for better or for worse was yet to be determined, English
Hy het besluit om sy lewe te lei volgens die groot ritme manifesto,Afrikaans
Iedereen zegt dat ze van de natuur houden totdat ze beseffen hoe gevaarlijk zij kan zijn,Nederlands
Die olifant het nie oor die persoon in die kamer wou praat nie,Afrikaans
Nothing seemed out of place except the washing machine in the bar, English
De waarheid is dat je voor je levensstijl betaalt in uren,Nederlands
Shakespeare was 'n beroemde 17de-eeuse dieselmeganikus,Afrikaans
Drie geslagte met ses dekades van lewenservaring,Afrikaans
Ze renden om de hoek en ontdekten dat ze terug in de tijd waren gereisd,Nederlands
Als mijn rekenmachine een geschiedenis had zou het beschamender zijn dan mijn browsergeschiedenis,Nederlands
Die doeltreffendheid wat ons het om vullis te verwyder het dit meer aanvaarbaar gemaak om vullis te skep,Afrikaans
Shingle color was not something the couple had ever talked about, English
Ik werk op een zoete aardappelboerderij,Nederlands
Mary speel die klavier,Afrikaans
Hy het begin vir 'n kort stap maar nou kon hy net mangroves en water vir myl sien,Afrikaans
Op 'n skaal van een tot tien wat is jou gunsteling smaak van ewekansige grammatika,Afrikaans
Almal was nuuskierig oor die groot wit blimp wat oornag verskyn het,Afrikaans
Sy het vir hom 'n lang brief geskryf maar hy het dit nie gelees nie,Afrikaans
Joyce genoot ervan om pannenkoeken met ketchup te eten,Nederlands
Almal sê hulle hou van die natuur totdat hulle besef hoe gevaarlik sy kan wees,Afrikaans
Hij leverde het onderzoeksrapport in op vrijdag anders zou hij de les niet gehaald hebben,Nederlands
Ik kocht een babyclown van de Russische terroristen zwarte markt,Nederlands
Kunst hoeft niet opzettelijk te zijn,Nederlands
Opstaan by dagbreek is vir die voëls,Afrikaans
She wanted a pet platypus but ended up getting a duck and a ferret instead, English
Hulle het om die hoek gehardloop en ontdek dat hulle terug in die tyd gereis het,Afrikaans
Hij blafte bevelen naar zijn dochters maar zij staarden hem alleen met amusement aan,Nederlands
He had decided to accept his fate of accepting his fate, English
Hulle sê dat honde die mens se beste vriend is maar hierdie kat was op pad om daardie teorie te saboteer,Afrikaans
Shakespeare was een beroemde dieselmonteur uit de 17e eeuw,Nederlands
Laten we allemaal uniek zijn totdat we beseffen dat we allemaal hetzelfde zijn,Nederlands
Hulle het haar naam tyd en tyd weer geroep maar is met niks behalwe stilte begroet,Afrikaans
The secret code they created made no sense even to them, English
I covered my friend in baby oil, English
Joe maakte de suikerkoekjes Susan decoreerde ze,Nederlands
The toy brought back fond memories of being lost in the rain forest, English
Mijn moeder probeert cool te zijn door te zeggen dat ze alle dingen leuk vindt die ik leuk vind,Nederlands
Wanneer het geld krap was haalde hij zijn lunchgeld uit de lokale wensput,Nederlands
Smokey die Beer het in geheim die vure begin,Afrikaans
He decided to fake his disappearance to avoid jail, English
Hy is nie James Bond nie; sy naam is Roger Moore,Afrikaans
Hy het die navorsingspapier Vrydag ingedien anders sou hy die klas nie geslaag het nie,Afrikaans
Never underestimate the willingness of the greedy to throw you under the bus, English
Ze droeg groene lippenstift als een mode-icoon,Nederlands
De schoonheid van de Afrikaanse zonsondergang verstopte het gevaar dat zich in de buurt verschool,Nederlands
The best key lime pie is still up for debate, English
Op dat moment luisterde hij niet naar muziek hij leefde een ervaring,Nederlands
We zijn nooit in Azië geweest en we hebben ook Afrika niet bezocht,Nederlands
It was at that moment that he learned there are certain parts of the body that you should never Nair, English
Daar moes 'n tyd en plek gewees het maar dit was nie,Afrikaans
As ek nie van iets hou nie sal ek daar wegbly,Afrikaans
Each person who knows you has a different perception of who you are, English
Ze huilde diamanten,Nederlands
The sign said there was road work ahead so he decided to speed up, English
In dat ene moment veranderde alles,Nederlands
The Great Dane looked more like a horse than a dog, English
Moet nooit die bereidwilligheid van die hebsugige om jou onder die bus te gooi onderskat nie,Afrikaans
He ended up burning his fingers poking someone else's fire, English
Laat ons almal saam uniek wees totdat ons besef dat ons almal dieselfde is,Afrikaans
Die rowwe ou man het in die agterkant van die aas-winkel gesit en gemor terwyl hy 'n handvol wurms uitgehaal het,Afrikaans
The light in his life was actually a fire burning all around him, English
Smoky the Bear secretly started the fires, English
Hy het uitgeblink in die mooi afvuur van mense,Afrikaans
'n Glinsterende edelsteen is nie genoeg nie,Afrikaans
Dit sou 'n beter aand gewees het as die ouens langs ons nie in die spat zone was nie,Afrikaans
Ze kan haar leven leven zoals ze wil zolang ze maar luistert naar wat ik te zeggen heb,Nederlands
Ze deed haar best om hem te helpen,Nederlands
Ek wou jou net vertel ek kon die liefde wat jy vir jou kind het sien deur die manier waarop jy na haar kyk,Afrikaans
The skeleton had skeletons of his own in the closet, English
Erin het per ongeluk 'n nuwe heelal geskep,Afrikaans
The door slammed on the watermelon, English
Hij zat in een vuilnisbak met klasse van de high street,Nederlands
Sy verf net met bold kleure sy hou nie van pastelle nie,Afrikaans
He didn't understand why the bird wanted to ride the bicycle, English
Zo won hij 1 miljoen dollar,Nederlands
Hulle was opgewonde om hulle eerste luiaard te sien,Afrikaans
Red is greener than purple for sure, English
Als het eten van omeletten met drie eieren gewichtstoename veroorzaakt zijn budgie-eieren een goed alternatief,Nederlands
Pat het 'n ghost pepper tert bestel,Afrikaans
He hated that he loved what she hated about hate, English
'n Lied kan 'n mens se dag maak of bederf as hulle dit toelaat om hulle te beïnvloed,Afrikaans
Je hebt elke reden om boos te zijn maar dat geeft je niet het recht om gemeen te zijn,Nederlands
Die herinnering wat ons eens gedeel het is nie meer saamhangend nie,Afrikaans
De varkens waren beledigd dat ze hamburgers werden genoemd,Nederlands
Het door haaien geteisterde South Pine-kanaal was de enige manier in of uit,Nederlands
Het boek staat voor de tafel,Nederlands
Wanneer ik spaghetti kook vind ik het leuk om het een paar minuten langer dan al dente te koken zodat de noedels superglad zijn,Nederlands
Kiezen om niets te doen is tenslotte ook een keuze,Nederlands
Een paarse varken en een groene ezel vlogen met een vlieger midden in de nacht en eindigden met een zonnebrand,Nederlands
It's not possible to convince a monkey to give you a banana by promising it infinite bananas when they die, English
Ik ben blij om je donatie te accepteren elk bedrag wordt zeer gewaardeerd,Nederlands
It's not often you find a soggy banana on the street, English
Everyone was curious about the large white blimp that appeared overnight, English
So long and thanks for the fish, English
Traveling became almost extinct during the pandemic, English
His thought process was on so many levels that he gave himself a phobia of heights, English
Sy wou 'n troeteldier platypus hê maar het uiteindelik 'n eend en 'n fret gekry,Afrikaans
Ik ben een geweldige luisteraar echt goed in empathie versus sympathie en dat alles maar ik haat mensen,Nederlands
She had that tint of craziness in her soul that made her believe she could actually make a difference, English
Hy het 'n verborge voorraad onder die vloerplanke in die agterkamer van die huis gehad,Afrikaans
Even with the snow falling outside she felt it appropriate to wear her bikini, English
He stepped gingerly onto the bridge knowing that enchantment awaited on the other side, English
Vleis-kleurige joga-broeke was baie erger as wat hy selfs gevrees het,Afrikaans
Onderestimate nooit de bereidheid van de hebzuchtigen om je onder de bus te gooien,Nederlands
De zon was ondergegaan en zo waren zijn dromen,Nederlands
Die haai-gevulde South Pine kanaal was die enigste manier in of uit,Afrikaans
He invested some skill points in Charisma and Strength, English
Ik zag mijn eekhoorn door mijn sporttas rommelen,Nederlands
Hy sou net oorleef as hy die vuur aan die gang hou en hy kon donderweer in die verte hoor,Afrikaans
Hy het 'n paar vaardigheidspunte in Charisma en Sterkte belê,Afrikaans
He picked up trash in his spare time to dump in his neighbor's yard, English
Abstractie is vaak een verdieping boven je,Nederlands
Daar is min dinge in die lewe wat beter is as 'n sny tert,Afrikaans
The truth is that you pay for your lifestyle in hours, English
Erin creëerde per ongeluk een nieuw universum,Nederlands
The efficiency we have at removing trash has made creating trash more acceptable, English
Wees versigtig met daardie bottermes,Afrikaans
Iemand moet Chaucer lees om hulle daaglikse vokabularium te verbeter,Afrikaans
Hy het teruggegaan na die video om te sien wat opgeneem was en was geskok oor wat hy gesien het,Afrikaans
Die boek is voor die tafel,Afrikaans
Sy sê sy het die vermoë om die klankbaan van jou lewe te hoor,Afrikaans
Grondboontjiebotter en konfyt het die bejaarde dame laat dink aan haar verlede,Afrikaans
It was a slippery slope and he was willing to slide all the way to the deepest depths, English
Dit moet vyf-uur wees ergens,Afrikaans
The fifty mannequin heads floating in the pool kind of freaked them out, English
Ek het 'n baba clown van die Russiese terroristiese swartmark gekoop,Afrikaans
He was so preoccupied with whether or not he could that he failed to stop to consider if he should, English
Ek hou daarvan om geroosterde kaas en tuna toebroodjies te eet,Afrikaans
Now I need to ponder my existence and ask myself if I'm truly real, English
Die vreemdeling lei die ete,Afrikaans
De Japanse yen voor handel is nog steeds goed bekend,Nederlands
Chocolate covered crickets were his favorite snack, English
Hij keek achter de deur en vond niet leuk wat hij zag,Nederlands
Hij leerde de moeilijkste les van zijn leven en had de littekens zowel fysiek als mentaal om het te bewijzen,Nederlands
He had a vague sense that trees gave birth to dinosaurs, English
Het feit dat er een trap naar de hemel en een snelweg naar de hel is legt het leven goed uit,Nederlands
The hummingbird's wings blurred while it eagerly sipped the sugar water from the feeder, English
Dit het geen sin gemaak tensy jy die krag gehad het om kleure te eet nie,Afrikaans
De plannen voor dit weekend omvatten het omzetten van wijn in water,Nederlands
Hy het gewonder waarom hy op 18 oud genoeg was om oorlog toe te gaan maar nie oud genoeg om sigarette te koop nie,Afrikaans
Jy het elke reg om kwaad te wees maar dit gee jou nie die reg om gemeen te wees nie,Afrikaans
Ek het my vriend in baba-olie bedek,Afrikaans
Als een agent je vraagt waar je was zeg dan gewoon dat je Kansas bezocht,Nederlands
There can never be too many cherries on an ice cream sundae, English
De meeste haaienaanvallen komen ongeveer 10 meter van het strand omdat daar de mensen zijn,Nederlands
Dit was hoe hy $1 miljoen gewen het,Afrikaans
Ek werk op 'n soet aartappel-plaas,Afrikaans
Hou op om te wag vir uitsonderlike dinge om net te gebeur,Afrikaans
As the rental car rolled to a stop on the dark road her fear increased by the moment, English
The sunblock was handed to the girl before practice but the burned skin was proof she did not apply it, English
She learned that water bottles are no longer just to hold liquid but they're also status symbols, English
My Ma probeer om cool te wees deur te sê dat sy al dieselfde dinge hou as ek,Afrikaans
Hy het vir ons 'n baie opwindende avontuurverhaal vertel,Afrikaans
He set out for a short walk but now all he could see were mangroves and water were for miles, English
Twee stoelen waren vacant,Nederlands
Ik tel mijn calorieën maar ik wil echt een dessert,Nederlands
The body piercing didn't go exactly as he expected, English
'n Pers vark en 'n groen esel het 'n vlieër in die middel van die nag gevlieg en het sonbrand gekry,Afrikaans
Bill rende van de giraffe naar de dolfijn,Nederlands
As my sakrekenaar 'n geskiedenis gehad het sou dit meer peinlik gewees het as my blaaier geskiedenis,Afrikaans
Het meer is een eindje hier vandaan,Nederlands
The white water rafting trip was suddenly halted by the unexpected brick wall, English
Ek is nooit tuis op Sondae nie,Afrikaans
Having no hair made him look even hairier, English
The team members were hard to tell apart since they all wore their hair in a ponytail, English
Gary didn't understand why Doug went upstairs to get one dollar bills when he invited him to go cow tipping, English
She says she has the ability to hear the soundtrack of your life, English
It didn't make sense unless you had the power to eat colors, English
Iemand wat ek ken het onlangs Maple Syrup en gebotterde Popcorn gekombineer en gedink dit sou soos karamelpopcorn smaak Dit het nie en hulle beveel nie aan dat ander dit ook doen nie,Afrikaans
Mary speelt piano,Nederlands
Hy het in 'n asblik met hoë straat klas gesit,Afrikaans
Ze begreep eindelijk dat rouw haar liefde was zonder plaats om naartoe te gaan,Nederlands
While all her friends were positive that Mary had a sixth sense she knew she actually had a seventh sense, English
Iedereen was bezig dus ging ik alleen naar de film,Nederlands
Het klinkt niet alsof dat ooit op mijn reislijst zal staan,Nederlands
Die dringende sorg sentrum was oorstroom met pasiënte nadat die nuus van 'n nuwe dodelike virus bekend gemaak is,Afrikaans
Andy loved to sleep on a bed of nails, English
Het maakte geen zin tenzij je de kracht had om kleuren te eten,Nederlands
Art doesn't have to be intentional, English
Die donderende gebrul van die jet bo bevestig haar ergste vrese,Afrikaans
When money was tight he'd get his lunch money from the local wishing well, English
Zet geen pindakaas op de neus van de hond,Nederlands
On a scale from one to ten what's your favorite flavor of random grammar, English
Vlieënde visse het verby die ruimtestasie gevlieg,Afrikaans
Ze schildert alleen met felle kleuren ze houdt niet van pastels,Nederlands
Die geheimsinnige dagboek neem die stem op,Afrikaans
They're playing the piano while flying in the plane, English
She finally understood that grief was her love with no place for it to go, English
Hy het opdragte aan sy dogters gebark maar hulle het net met vermaak teruggestaar,Afrikaans
Hij was zo bezig met de vraag of hij het kon dat hij niet stilstond om te overwegen of hij het ook moest doen,Nederlands
Dit was 'n gladde helling en hy was bereid om heeltemal af te gly na die diepste dieptes,Afrikaans
Ze leende het boek van hem vele jaren geleden en heeft het nog niet teruggegeven,Nederlands
Haar leven binnen de grenzen van het huis werd haar nieuwe normaal,Nederlands
He watched the dancing piglets with panda bear tummies in the swimming pool, English
Three years later the coffin was still full of Jello, English
Sy het hom aanbeveel om dadelik terug te kom,Afrikaans
Terwyl jy al die moontlike maniere oorweeg om jouself en die wêreld te verbeter merk jy op dat John Travolta blykbaar nogal ongelukkig lyk,Afrikaans
Als je van tonijn en tomatensaus houdt probeer dan de twee te combineren. Het is echt niet zo slecht als het klinkt,Nederlands
Je bijt omhoog vanwege je onderkaak,Nederlands
Om eiers op Donderdae vir koor oefening te eet was aanbeveel,Afrikaans
Their argument could be heard across the parking lot, English
Ik wil echt naar mijn werk maar ik ben te ziek om te rijden,Nederlands
Ons moet 'n kamer huur vir ons partytjie,Afrikaans
He was willing to find the depths of the rabbit hole in order to be with her, English
Niemand hou van 'n vark wat lipstiek dra nie,Afrikaans
Dit was die beste sandkasteel wat hy ooit gesien het,Afrikaans
The teens wondered what was kept in the red shed on the far edge of the school grounds, English
It was the scarcity that fueled his creativity, English
The paintbrush was angry at the color the artist chose to use, English
Fluffy pienk eenhoorns is 'n gewilde statussimbool onder macho mans,Afrikaans
Sy was die soort meisie wat in 'n pienk huis wou woon,Afrikaans
Je kunt geen appels en sinaasappels vergelijken maar wat dacht je van bananen en plantains,Nederlands
You're unsure whether or not to trust him but very thankful that you wore a turtle neck, English
Hij zit in een jongensband wat niet veel zin heeft voor een slang,Nederlands
She let the balloon float up into the air with her hopes and dreams, English
Hij was op het punt gekomen waarop hij paranoïde was over paranoïa,Nederlands
Karen realized the only way she was getting into heaven was to cheat, English
De guineafowl vliegt door de lucht met alle gratie van een schildpad,Nederlands
Ons het jong kinders wat dikwels in ons kamer kom in die nag vir verskeie redes insluitend clowns in die kas,Afrikaans
Planne vir hierdie naweek sluit in om wyn in water te verander,Afrikaans
The shark-infested South Pine channel was the only way in or out, English
David proudly graduated from high school top of his class at age 97, English
De vreemdeling leidt de maaltijd,Nederlands
Ek is bly om jou donasie te aanvaar enige bedrag sal baie waardeer word,Afrikaans
Lightning Paradise was die plaaslike kuierplek waar die groep gewoonlik die aand deurgebring het,Afrikaans
Ze vouwde haar zakdoek netjes op,Nederlands
De vos in de hoge hoed fluisterde in het oor van de konijn,Nederlands
Sy was hartseer om te hoor dat vuurvliegies in die gesig van uitwissing te danke aan kunsmatige lig lewensomgewingsverlies en plaagdoders is,Afrikaans
Andy hield ervan om te slapen op een bed van spijkers,Nederlands
Wanneer niemand in de buurt is roddelen de bomen over de mensen die onder hen zijn gelopen,Nederlands
Ik wil meer gedetailleerde informatie,Nederlands
25 jaar later betreurde ze nog steeds dat specifieke moment,Nederlands
Ek wil meer gedetailleerde inligting hê,Afrikaans
I’m a living furnace, English
Jy is onseker of jy hom moet vertrou maar baie dankbaar dat jy 'n turtle neck gedra het,Afrikaans
Nancy was proud that she ran a tight shipwreck, English
Wanneer geld min was het hy sy lunchgeld uit die plaaslike wensput gekry,Afrikaans
Je bent niet zeker of je hem kunt vertrouwen maar bent heel dankbaar dat je een coltrui droeg,Nederlands
Kuns hoef nie bedoel te wees nie,Afrikaans
Ik ben een levende oven,Nederlands
Plans for this weekend include turning wine into water, English
Dinsdae is gratis as jy 'n gnoom kostuum bring,Afrikaans
Hij wachtte tot het stopbord om zou schakelen naar een doorgaan-bord,Nederlands
Een fonkelende edelsteen is niet genoeg,Nederlands
Zeg me alsjeblieft dat je niet in een mortuarium werkt,Nederlands
The rusty nail stood erect angled at a 45-degree angle just waiting for the perfect barefoot to come along, English
Die Japanse yen vir handel is steeds bekend,Afrikaans
Sy het 'n paar wonderlike nuus om te deel maar niemand om dit mee te deel nie,Afrikaans
Die groen tee en avokado smoothie het presies uitgekom soos wat verwag is,Afrikaans
Hij dacht dat een paar stokken dynamiet gemakkelijker waren dan een vislijn om vis te vangen,Nederlands
There was coal in his stocking and he was thrilled, English
Het skelet had skelet-skeletten in de kast,Nederlands
Harrold felt confident that nobody would ever suspect his spy pigeon, English
Het werd donker en we waren er nog niet,Nederlands
Hij keek één keer naar wat er onder de tafel was en rende er meteen vandaan,Nederlands
The fact that there's a stairway to heaven and a highway to hell explains life well, English
The virus had powers none of us knew existed, English
Sy het nie die toets gesny want dit was nie die regte ding om te doen nie,Afrikaans
Ze riepen haar naam keer op keer maar werden alleen met stilte ontvangen,Nederlands
Nie alle mense wat rondloop is verlore nie,Afrikaans
Nou moet ek oor my bestaan nadink en myself vra of ek werklik reg is,Afrikaans
De pas geplante bomen werden ondersteund door houten frames in de hoop dat ze de volgende storm zouden overleven,Nederlands
Soms staar ik naar een deur of een muur en vraag ik me af wat deze realiteit is waarom leef ik en waar gaat dit allemaal over,Nederlands
Niet alle mensen die dwalen zijn verloren,Nederlands
Ik ontmoette een interessante schildpad terwijl het nummer op de radio luid speelde,Nederlands
Twee dae en al sy probleme sou opgelos wees,Afrikaans
Iemand die ik ken heeft recentelijk esdoornsiroop en met boter besmeerde popcorn gecombineerd in de hoop dat het zou smaken als karamellpopcorn. Dat deed het niet en ze raden niemand aan het ook te doen,Nederlands
Ek het gekontroleer om seker te maak dat hy steeds lewendig was,Afrikaans
She used her own hair in the soup to give it more flavor, English
Sy het die ballon laat opvaar in die lug saam met haar hoop en drome,Afrikaans
Dit was die tekort wat sy kreatiwiteit aangewakker het,Afrikaans
The opportunity of a lifetime passed before him as he tried to decide between a cone or a cup, English
De beste key lime pie is nog steeds ter discussie,Nederlands
Ik zou de promotie hebben gekregen maar mijn aanwezigheid was niet goed genoeg,Nederlands
Wanneer niemand om is nie fluister die bome oor die mense wat onder hulle geloop het,Afrikaans
Op een schaal van één tot tien wat is je favoriete smaak van willekeurige grammatica,Nederlands
The sudden rainstorm washed crocodiles into the ocean, English
Niemand vraagt zich af wie de piramides in Mexico heeft gebouwd,Nederlands
Sy was te kort om oor die heining te sien,Afrikaans
Die lug is duidelik die sterre twinkel,Afrikaans
Hy het besluit dat waterski op 'n bevrore meer nie 'n goeie idee was nie,Afrikaans
Niets leek misplaatst behalve de wasmachine in de bar,Nederlands
Greetings from the galaxy MACS0647-JD or what we call home, English
De golven sloegen op de kust het was een prachtig gezicht,Nederlands
Het dikke loof en de verstrengelde takken maakten de wandeling bijna onmogelijk,Nederlands
His mind was blown that there was nothing in space except space itself, English
Het verraste hem dat de ruimte naar gebraden steak rook,Nederlands
Ek het 'n interessante skilpad ontmoet terwyl die liedjie op die radio hard gespeel het,Afrikaans
Hij haatte dat hij hield van wat zij haatte aan haat,Nederlands
Ek het 'n sok geëet omdat mense op die Internet my gesê het om dit te doen,Afrikaans
Ek sou die bevordering gekry het maar my teenwoordigheid was nie goed genoeg nie,Afrikaans
Er zat kolen in zijn kerstkous en hij was opgetogen,Nederlands
Sy het groen lipstiek gedra soos 'n mode-ikoon,Afrikaans
He had a wall full of masks so she could wear a different face every day, English
As you consider all the possible ways to improve yourself and the world you notice John Travolta seems fairly unhappy, English
Stop waiting for exceptional things to just happen, English
Joe het die suikerkoekies gemaak Susan het hulle gedekoreer,Afrikaans
Giving directions that the mountains are to the west only works when you can see them, English
Knoflook roomys was haar gunsteling,Afrikaans
Dan het die wolke soos kondensmelk geëet,Afrikaans
De efficiëntie waarmee we afval verwijderen heeft het creëren van afval acceptabeler gemaakt,Nederlands
His seven-layer cake only had six layers, English
Ewekansige woorde voor ander ewekansige woorde skep 'n ewekansige sin,Afrikaans
Patricia houdt van het geluid van nagels die stevig tegen het schoolbord worden gedrukt,Nederlands
Hij was goed in het vriendelijk ontslaan van mensen,Nederlands
Pienk perde het oor die see gedraf,Afrikaans
Daar was wit-uit toestande in die dorp gevolglik was die paaie onbegaanbaar,Afrikaans
Toe hy uit die venster kyk het hy 'n clown gesien verbyloop,Afrikaans
Hij besloot zijn leven te leven volgens het grote beats-manifest,Nederlands
You have every right to be angry but that doesn't give you the right to be mean, English
Poison ivy grew through the fence they said was impenetrable, English
Die bord het gesê daar was padwerk vorentoe so hy het besluit om te versnel,Afrikaans
He was sure the Devil created red sparkly glitter, English
Dit het donker geword en ons was nog nie daar nie,Afrikaans
The group quickly understood that toxic waste was the most effective barrier to use against the zombies, English
This made him feel like an old-style rootbeer float smells, English
Doris genoot ervan om met haar nagels op de tafel te tikken om iedereen te ergeren,Nederlands
Aartappel-wedges is waarskynlik nie die beste vir verhoudings nie,Afrikaans
Haar lewe binne die grense van die huis het haar nuwe normaal geword,Afrikaans
Thirty years later she still thought it was okay to put the toilet paper roll under rather than over, English
Happiness can be found in the depths of chocolate pudding, English
Pink horses galloped across the sea, English
Nobody questions who built the pyramids in Mexico, English
Hy het 'n leprechaun in sy okkerneut dop gevind,Afrikaans
Opstaan bij zonsopgang is voor de vogels,Nederlands
Uiteindelijk realiseerde hij zich dat hij geluid kon zien en woorden kon horen,Nederlands
Daar is 'n rede waarom rose doring het,Afrikaans
The fox in the tophat whispered into the ear of the rabbit, English
There aren't enough towels in the world to stop the sewage flowing from his mouth, English
Bekijk morgen weer ik zal zien of het boek is aangekomen,Nederlands
Een lijst met willekeurige zinnen schrijven is moeilijker dan ik aanvankelijk dacht,Nederlands
He found his art never progressed when he literally used his sweat and tears, English
Alles wat jy moet doen is om die pen op te tel en te begin,Afrikaans
He was 100% into fasting with her until he understood that meant he couldn't eat, English
Dit klink nie of dit ooit op my reislys sal wees nie,Afrikaans
Hij droeg het chirurgische masker in het openbaar niet om een virus te voorkomen maar om mensen op afstand te houden,Nederlands
Ze liet de ballon omhoog de lucht in stijgen met haar hoop en dromen,Nederlands
Ik bedekte mijn vriend met babyolie,Nederlands
It didn't take long for Gary to detect the robbers were amateurs, English
Hij zei dat hij er gisteren niet was maar veel mensen zagen hem daar,Nederlands
Her hair was windswept as she rode in the black convertible, English
He's in a boy band which doesn't make much sense for a snake, English
Ze spreekt altijd in een luide stem tegen hem,Nederlands
De kans van je leven ging voorbij terwijl hij probeerde te beslissen tussen een hoorntje of een bakje,Nederlands
Diverse zeevogels zijn elegant maar niets is zo elegant als een glijdende pelikaan,Nederlands
Patricia loves the sound of nails strongly pressed against the chalkboard, English
Ze waren opgewonden om hun eerste luiaard te zien,Nederlands
Het licht in zijn leven was eigenlijk een vuur dat om hem heen brandde,Nederlands
He found a leprechaun in his walnut shell, English
Hy het gesê hy was nie daar gister nie maar baie mense het hom daar gesien,Afrikaans
Ja ik denk dat het een goede omgeving is om Engels te leren,Nederlands
Doris enjoyed tapping her nails on the table to annoy everyone, English
The external scars tell only part of the story, English
"Jason lived his life by the motto ""Anything worth doing is worth doing poorly""", English
She traveled because it cost the same as therapy and was a lot more enjoyable, English
De groene thee en avocado smoothie bleek precies zoals je zou verwachten,Nederlands
Ek het my eekhoring betrap wat deur my gimnasium sak roer,Afrikaans
His confidence would have been admirable if it wasn't for his stupidity, English
At that moment he wasn't listening to music he was living an experience, English
Facing his greatest fear he ate his first marshmallow, English
Hy het geld opgeraak so hy moes ophou om poker te speel,Afrikaans
Hij realiseerde zich dat er meerdere doden op deze weg waren geweest maar zijn bezorgdheid steeg toen hij het exacte aantal zag,Nederlands
Het was de schaarste die zijn creativiteit voedde,Nederlands
Ze schreef hem een lange brief maar hij heeft het niet gelezen,Nederlands
Die skutter sê totsiens vir sy liefde,Afrikaans
Meeste haai aanvalle gebeur ongeveer 10 voet van die strand af aangesien dit is waar die mense is,Afrikaans
Die geleentheid van 'n leeftyd het voor hom verby gegaan terwyl hy probeer het om tussen 'n koevert of 'n koppie te besluit,Afrikaans
Hij kleurde de diepe ruimte een zachte gele kleur,Nederlands
Op daardie oomblik het sy besef sy het 'n sesde sintuig,Afrikaans
Dit is baie moeiliker om tennis te speel met 'n bowling bal as om te bol met 'n tennis bal,Afrikaans
Rockmusiek benader met hoë snelheid,Afrikaans
Die feit dat daar 'n trappe na die hemel en 'n snelweg na die hel is verduidelik die lewe goed,Afrikaans
He realized there had been several deaths on this road but his concern rose when he saw the exact number, English
Zelfs met de sneeuw die buiten viel vond ze het gepast om haar bikini te dragen,Nederlands
Stop met wachten op uitzonderlijke dingen die zomaar gebeuren,Nederlands
He colored deep space a soft yellow, English
Ik zie vaak de tijd 11:11 of 12:34 op klokken,Nederlands
Ze had haar kopje koffie niet gehad en dat maakte alles nog slechter,Nederlands
Die oomblik toe sy geland het het sy die rede verstaan waarom dit 'n vlieg-oor staat was,Afrikaans
Achter het raam was een reflectie die alleen angst inboezemde,Nederlands
De toerbus zat vol met tienermeisjes op weg naar hun volgende avontuur,Nederlands
As enige polisie jou vra waar jy was sê net jy was Kansas aan die besoek,Afrikaans
The spa attendant applied the deep cleaning mask to the gentleman’s back, English
Dan het die diepe duik af die haas se gat gemaak,Afrikaans
Die deur het op die waatlemoen geslaan,Afrikaans
Die beste limoen tert is steeds ter bespreking,Afrikaans
You've been eyeing me all day and waiting for your move like a lion stalking a gazelle in a savannah, English
De tsunami-golf kraakte tegen de verhoogde huizen en brak de palen alsof ze tandenstokers waren,Nederlands
He decided that the time had come to be stronger than any of the excuses he'd used until then, English
Peanuts don't grow on trees but cashews do, English
De willekeurige zin-generator genereerde een willekeurige zin over een willekeurige zin,Nederlands
Die geheime bestanddeel van sy wonderlike lewe was misdaad,Afrikaans
Elke persoon wat jou ken het 'n ander persepsie van wie jy is,Afrikaans
Wag asseblief buite die huis,Afrikaans
Eating eggs on Thursday for choir practice was recommended, English
Alles wat hulle kon sien was die blou water wat hulle seilboot omring,Afrikaans
Het is veel moeilijker om te tennissen met een bowlingbal dan te bowlen met een tennisbal,Nederlands
Het zou een betere avond zijn geweest als de jongens naast ons niet in de spetterzone waren,Nederlands
Liefde is niet zoals pizza,Nederlands
Hij stapte voorzichtig op de brug wetende dat betovering aan de andere kant wachtte,Nederlands
His ultimate dream fantasy consisted of being content and sleeping eight hours in a row, English
Her daily goal was to improve on yesterday, English
Potato wedges probably are not best for relationships, English
De vader overleed tijdens de bevalling,Nederlands
Wees voorzichtig met dat botermes,Nederlands
Random words in front of other random words create a random sentence, English
It took him a while to realize that everything he decided not to change he was actually choosing, English
In daardie oomblik het alles verander,Afrikaans
Vliegende vissen vlogen langs het ruimtestation,Nederlands
De vis luisterde aandachtig naar wat de kikkers te zeggen hadden,Nederlands
Het bord zei dat er wegwerkzaamheden waren dus besloot hij om sneller te rijden,Nederlands
Sy kon hom in die stort hoor sing met 'n vreugde wat sy gehoop het hy sou behou nadat sy die nuus gelewer het,Afrikaans
The newly planted trees were held up by wooden frames in hopes they could survive the next storm, English
They throw cabbage that turns your brain into emotional baggage, English
Twee sitplekke was leeg,Afrikaans
Zijn zelfvertrouwen zou bewonderenswaardig zijn geweest als het niet om zijn domheid ging,Nederlands
Die vos in die hoed het in die oor van die haas gefluister,Afrikaans
Het donderende gebrul van het vliegtuig boven hem bevestigde haar ergste angsten,Nederlands
"David volgt de strategie ""stop je tent in de tas"" in plaats van het netjes op te vouwen",Nederlands
Die Tsunami golf het teen die opgetilde huise gebots en die pilare gebroke soos tandestokkies,Afrikaans
Wijsheid wordt gemakkelijk verworven wanneer je je verbergt onder het bed met een kookpan op je hoofd,Nederlands
Ze zeggen dat honden de beste vriend van de mens zijn maar deze kat was vastbesloten die theorie te saboteren,Nederlands
We moeten met Legos spelen op kamp,Nederlands
Je hebt me de hele dag aangekeken en wachtte op je kans als een leeuw die een gazelle op de savanne besluipt,Nederlands
It took him a month to finish the meal, English
Soms is het beter om gewoon weg te lopen van dingen en later terug te komen als je je beter voelt,Nederlands
Hij tastte in het donker op zoek naar de lichtschakelaar maar toen hij die eindelijk vond was er iemand anders al daar,Nederlands
She couldn't decide if the glass was half empty or half full so she drank it, English
The tour bus was packed with teenage girls heading toward their next adventure, English
Willekeurige woorden voor andere willekeurige woorden creëren een willekeurige zin,Nederlands
Alles wat sy wou hê was die antwoord maar sy het geen idee hoe baie sy dit sou haat nie,Afrikaans
Ons het baie reën in Junie,Afrikaans
Pat ordered a ghost pepper pie, English
She found his complete dullness interesting, English
The Japanese yen for commerce is still well-known, English
Ik ben nooit thuis op zondagen,Nederlands
Knoflookijs was haar favoriet,Nederlands
Die horlosie binne hierdie blog en die horlosie op my laptop is 1 uur van mekaar verskillend,Afrikaans
As the asteroid hurtled toward earth Becky was upset her dentist appointment had been canceled, English
He learned the hardest lesson of his life and had the scars both physical and mental to prove it, English
Dit blyk dat jy nie al daardie dinge nodig het wat jy aangedring het jy het nie,Afrikaans
The minute she landed she understood the reason this was a fly-over state, English
Het wake achter de boot vertelde over het verleden terwijl de open zee het leven in de onbekende toekomst voorspelde,Nederlands
Wisdom is easily acquired when hiding under the bed with a saucepan on your head, English
Op dat moment realiseerde ze zich dat ze een zesde zintuig had,Nederlands
Hy het een blik na wat onder die tafel was gewerp en het daar weggehardloop,Afrikaans
Ze heeft niet gespiekt op de test want dat was niet het juiste om te doen,Nederlands
De schutter neemt afscheid van zijn liefde,Nederlands
Hy het gewag vir die stop teken om in 'n gaan teken te verander,Afrikaans
Hy het gewonder of dit 'n strand genoem kon word as daar geen sand was nie,Afrikaans
Die lig in sy lewe was eintlik 'n vuur wat rondom hom gebrand het,Afrikaans
Lightning Paradise was de lokale ontmoetingsplek waar de groep meestal de nacht doorbracht,Nederlands
Andy het daarvan gehou om op 'n bed van naels te slaap,Afrikaans
Die ewekansige sin generateur het 'n ewekansige sin oor 'n ewekansige sin gegenereer,Afrikaans
He decided to live his life by the big beats manifesto, English
Your girlfriend bought your favorite cookie crisp cereal but forgot to get milk, English
Patricia hou van die klank van naels wat sterk teen die borddruk,Afrikaans
As eet van drie-eier omelette gewigstoename veroorsaak is budgie eiers 'n goeie plaasvervanger,Afrikaans
Although it wasn't a pot of gold Nancy was still enthralled at what she found at the end of the rainbow, English
Er waren witte omstandigheden in de stad vervolgens waren de wegen onbegaanbaar,Nederlands
Bill ran from the giraffe toward the dolphin, English
Je vriendin kocht je favoriete cookie crisp ontbijtgranen maar vergat melk te halen,Nederlands
Alles wat je hoeft te doen is de pen oppakken en beginnen,Nederlands
As jy van tuna en tamatiesous hou probeer om die twee te kombineer Dit is regtig nie so sleg soos dit klink nie,Afrikaans
Ze zegt dat ze de vaardigheid heeft om de soundtrack van je leven te horen,Nederlands
He spiked his hair green to support his iguana, English
The green tea and avocado smoothie turned out exactly as would be expected, English
Sy kan haar lewe lewe hoe sy wil solank sy na wat ek te sê het luister,Afrikaans
Hy wou nie na die tandarts gaan nie maar hy het tog gegaan,Afrikaans
Sometimes you have to just give up and win by cheating, English
Jou vriendin het jou gunsteling koekie-krummels cereal gekoop maar vergeet om melk te kry,Afrikaans
I like to leave work after my eight-hour tea-break, English
He is good at eating pickles and telling women about his emotional problems, English
He is no James Bond; his name is Roger Moore, English
Jy byt op omdat van jou onderkaak,Afrikaans
Sy het haar sakdoekjies netjies gevou,Afrikaans
Het was een glibberige helling en hij was bereid om helemaal naar de diepste diepten te glijden,Nederlands
I'm a great listener really good with empathy vs sympathy and all that but I hate people, English
The door swung open to reveal pink giraffes and red elephants, English
She looked at the masterpiece hanging in the museum but all she could think is that her five-year-old could do better, English
Daar is 'n kuns om jou sin te kry en om olyfpitte oor die tafel te spat is dit,Afrikaans
Iedereen was nieuwsgierig naar het grote witte luchtzeil dat opeens verscheen,Nederlands
Hy het per ongeluk in sy maatskappy se bediener gehack,Afrikaans
They wandered into a strange Tiki bar on the edge of the small beach town, English
We hebben jonge kinderen die vaak 's nachts onze kamer binnenkomen om verschillende redenen waaronder clowns in de kast,Nederlands
Peanut butter and jelly caused the elderly lady to think about her past, English
They ran around the corner to find that they had traveled back in time, English
Hij is goed in het eten van augurken en het vertellen van vrouwen over zijn emotionele problemen,Nederlands
Vleeskleurige yogabroeken waren veel erger dan hij ooit vreesde,Nederlands
Hit me with your pet shark, English
Kontroleer weer morgen ek sal kyk of die boek aangekom het,Afrikaans
Ze gooien kool die je hersenen in emotionele bagage verandert,Nederlands
Jy besef jy is nie alleen nie terwyl jy in jou slaapkamer sit en jou kalwers masseer na 'n lang dag van touwtrekker met Oupa Joe in die hospitaal,Afrikaans
Hij raakte door zijn geld heen dus moest hij stoppen met pokeren,Nederlands
Dit was op daardie oomblik dat hy geleer het daar is sekere dele van die liggaam wat jy nooit moet Nair nie,Afrikaans
As she walked along the street and looked in the gutter she realized facemasks had become the new cigarette butts, English
Selfs met die sneeu wat buite val het sy dit gepas geag om haar bikini te dra,Afrikaans
Almal was besig so het ek alleen na die fliek gegaan,Afrikaans
Ze dwaalden een vreemde Tiki-bar binnen aan de rand van het kleine strandstadje,Nederlands
Ze vond zijn volledige saaiheid interessant,Nederlands
Die byna-dood ervaring het nuwe idees aan die lig gebring,Afrikaans
The bees decided to have a mutiny against their queen, English
Everybody should read Chaucer to improve their everyday vocabulary, English
Ik at een sok omdat mensen op het internet me dat zeiden,Nederlands
Afgelopen vrijdag zag ik een gestreepte blauwe worm met vlekken de hand schudden met een pootloze hagedis,Nederlands
Terwyl die huurmotor tot stilstand kom op die donker pad het haar vrees met die oomblik toegeneem,Afrikaans
Op dat moment leerde hij dat er bepaalde delen van het lichaam zijn die je nooit moet ontharen met Nair,Nederlands
The beach was crowded with snow leopards, English
Er is een reden waarom rozen doornen hebben,Nederlands
It was difficult for Mary to admit that most of her workout consisted of exercising poor judgment, English
Laat ek jou help met jou bagasie,Afrikaans
Iguana's vielen uit de bomen,Nederlands
Winkelsentrums is wonderlike plekke om te koop ek kan alles wat ek nodig het onder een dak vind,Afrikaans
We have young kids who often walk into our room at night for various reasons including clowns in the closet, English
Die vinnige bruin volstruis spring oor die lui hond,Afrikaans
De bijna-doodervaring bracht nieuwe ideeën aan het licht,Nederlands
She had a difficult time owning up to her own crazy self, English
I caught my squirrel rustling through my gym bag, English
Die skelet het sy eie skelette in die kas gehad,Afrikaans
Ik denk dat ik de rode auto zal kopen of de blauwe zal leasen,Nederlands
Three generations with six decades of life experience, English
Op daardie oomblik het hy nie na musiek geluister nie hy het 'n ervaring geleef,Afrikaans
He strives to keep the best lawn in the neighborhood, English
He figured a few sticks of dynamite were easier than a fishing pole to catch fish, English
Die varke was geërger dat hulle hamburgers genoem is,Afrikaans
He wondered why at 18 he was old enough to go to war but not old enough to buy cigarettes, English
He played the game as if his life depended on it and the truth was that it did, English
Er zijn weinig dingen beter in het leven dan een stuk taart,Nederlands
25 years later she still regretted that specific moment, English
Die vader het tydens die bevalling gesterf,Afrikaans
Dit is 'n Japannese pop,Afrikaans
Rood is zeker groener dan paars,Nederlands
It's much more difficult to play tennis with a bowling ball than it is to bowl with a tennis ball, English
Soms staar ek na 'n deur of 'n muur en ek wonder wat is hierdie realiteit waarom is ek lewendig en waaroor gaan alles,Afrikaans
Sy het 'n gewoonte gehad om in limonade te stort,Afrikaans
Joyce het daarvan gehou om pannekoeke met ketchup te eet,Afrikaans
Ze kon hem in de douche horen zingen met een vreugde waarvan ze hoopte dat hij die zou behouden nadat ze het nieuws had gebracht,Nederlands
Alles wat ze konden zien was het blauwe water rondom hun zeilboot,Nederlands
He took one look at what was under the table and noped the hell out of there, English
It was obvious she was hot sweaty and tired, English
Om 'n lys van ewekansige sinne te skryf is moeiliker as wat ek aanvanklik gedink het,Afrikaans
Tom kreeg een klein stuk taart,Nederlands
She wore green lipstick like a fashion icon, English
It would have been a better night if the guys next to us weren't in the splash zone, English
Die roestige spyker het regop gestaan en was op 'n 45-grade hoek gekantel net wag vir die perfekte blote voet om verby te kom,Afrikaans
Die skoonheid van die Afrika sonondergang het die gevaar wat naby loer vermom,Afrikaans
Hy was bereid om die dieptes van die haas se gat te vind om by haar te wees,Afrikaans
If eating three-egg omelets causes weight-gain budgie eggs are a good substitute, English
She always had an interesting perspective on why the world must be flat, English
Italië is mijn favoriete land in feite ben ik van plan om er volgend jaar twee weken door te brengen,Nederlands
Hy is in 'n seunband wat nie veel sin maak vir 'n slang nie,Afrikaans
Hij wilde niet naar de tandarts maar ging toch,Nederlands
Ek verkies om 'n voël te wees eerder as 'n vis,Afrikaans
Ons moet met Legos by die kamp speel,Afrikaans
Ik heb momenteel 4 vensters open en ik weet niet waarom,Nederlands
He excelled at firing people nicely, English
Ze had de gewoonte om te douchen in limonade,Nederlands
Ek hoor dat Nancy baie mooi is,Afrikaans
Hij vond het einde van de regenboog en was verrast over wat hij daar vond,Nederlands
She was sad to hear that fireflies are facing extinction due to artificial light habitat loss and pesticides, English
De deur knalde op de watermeloen,Nederlands
Die toer bus was vol met tienermeisies wat op pad was na hulle volgende avontuur,Afrikaans
Hij investeerde wat vaardigheidspunten in Charisma en Kracht,Nederlands
Sy het die boek baie jare gelede van hom geleen en het dit nog nie teruggebring nie,Afrikaans
The doll spun around in circles in hopes of coming alive, English
He didn't heed the warning and it had turned out surprisingly well, English
The beauty of the African sunset disguised the danger lurking nearby, English
Terwijl hij wachtte tot de douche opwarmde merkte hij dat hij de temperatuurverandering van het water kon horen,Nederlands
The gruff old man sat in the back of the bait shop grumbling to himself as he scooped out a handful of worms, English
Hij leerde de belangrijke les dat een picknick op het strand op een winderige dag een slecht idee is,Nederlands
Hy het besef daar was verskeie sterftes op hierdie pad maar sy bekommernis het toegeneem toe hy die presiese aantal gesien het,Afrikaans
Die dik loof en verstrengelde ranke het die stap naby aan onmoontlik gemaak,Afrikaans
Hij negeerde de waarschuwing en het bleek verrassend goed te gaan,Nederlands
He decided water-skiing on a frozen lake wasn’t a good idea, English
She was the type of girl who wanted to live in a pink house, English
Die son het gesak en sy drome ook,Afrikaans
De oude appel koestert zijn autoriteit,Nederlands
Ik wil een onesie kopen maar weet dat het me niet zal staan,Nederlands
Hij had een verborgen voorraad onder de vloerdelen in de achterkamer van het huis,Nederlands
He shaved the peach to prove a point, English
He embraced his new life as an eggplant, English
Het mysterieuze dagboek registreert de stem,Nederlands
"David volg die ""prop jou tent in die sak"" strategie eerder as om dit netjies te vou",Afrikaans
8% van 25 is hetzelfde als 25% van 8 en een van hen is veel gemakkelijker in je hoofd te doen,Nederlands
Het spoedzorgcentrum was overspoeld met patiënten na het nieuws over een nieuwe dodelijke virus werd bekendgemaakt,Nederlands
Moet nie grondboontjiebotter op die hond se neus sit nie,Afrikaans
Om niks te kies nie is steeds 'n keuse,Afrikaans
Everyone says they love nature until they realize how dangerous she can be, English
Vaarwel en bedankt voor de vis,Nederlands
Fluffy pink unicorns are a popular status symbol among macho men, English
Die rivier het die gode gesteel,Afrikaans
He poured rocks in the dungeon of his mind, English
Die vis het aandagtig geluister na wat die paddas te sê gehad het,Afrikaans
Bill het van die giraffe af na die dolfyn hardloop,Afrikaans
Excitement replaced fear until the final moment, English
Iedereen zou Chaucer moeten lezen om hun dagelijkse vocabulaire te verbeteren,Nederlands
Dit is een Japanse pop,Nederlands
Niemand houdt van een varken met lippenstift,Nederlands
"David subscribes to the ""stuff your tent into the bag"" strategy over nicely folding it", English
Het blijkt dat je al die spullen die je dacht nodig te hebben niet nodig hebt,Nederlands
Agter die venster was 'n weerkaatsing wat net vrees ingeplant het,Afrikaans
Sy het daardie koue gevoel gehad wat die hare op jou nek laat regop staan wanneer hy die kamer binnegestap het,Afrikaans
Laat me je helpen met je bagage,Nederlands
Dan at de wolken als suikerspin,Nederlands
Hy was 100% in vir vas met haar totdat hy verstaan het dit beteken hy kan nie eet nie,Afrikaans
Hij vond een leprechaun in zijn walnootschaal,Nederlands
Die skare skree en skree vir meer memes,Afrikaans
Ek tel my kalorieë maar ek wil regtig nagereg hê,Afrikaans
Zijn zeven-laags taart had slechts zes lagen,Nederlands
The murder hornet was disappointed by the preconceived ideas people had of him, English
Hy het in die donker gefrommel op soek na die ligskakelaar maar toe hy dit uiteindelik gevind het was daar iemand al klaar daar,Afrikaans
Pindakaas en jam deden de oudere dame denken aan haar verleden,Nederlands
Die ou appel skaal op sy gesag,Afrikaans
Please tell me you don't work in a morgue, English
Dan maakte de diepe duik in het konijnenhol,Nederlands
Hij was 100% voor het vasten met haar totdat hij begreep dat dat betekende dat hij niet mocht eten,Nederlands
Wanneer ek spaghetti kook hou ek daarvan om dit 'n paar minute na al dente te kook sodat die noedels super glad is,Afrikaans
Die guinea fowl vlieg deur die lug met al die grasie van 'n skilpad,Afrikaans
Sy het haar bes gedoen om hom te help,Afrikaans
Soms is dit beter om net weg te stap van dinge en later weer terug te kom wanneer jy in 'n beter bui is,Afrikaans
Sy selfvertroue sou bewonderenswaardig gewees het as dit nie vir sy domheid was nie,Afrikaans
As he waited for the shower to warm he noticed that he could hear water change temperature, English
Je realiseert je dat je niet alleen bent terwijl je in je slaapkamer zit en je kuiten masseert na een lange dag touwtrekken met opa Joe in het ziekenhuis,Nederlands
Hy het die einde van die reënboog gevind en was verbaas oor wat hy daar gevind het,Afrikaans
Ik zou liever een vogel dan een vis zijn,Nederlands
Abstraksie is dikwels een vloer bo jou,Afrikaans
Even though he thought the world was flat he didn’t see the irony of wanting to travel around the world, English
Die wake agter die boot het die verlede vertel terwyl die oop see die lewe in die onbekende toekoms voorspel het,Afrikaans
Ik was heel trots op mijn bijnaam tijdens de middelbare school maar vandaag zou ik niet verder van mijn bijnaam kunnen afwijken,Nederlands
The fish dreamed of escaping the fishbowl and into the toilet where he saw his friend go, English
Dit was altyd gevaarlik om met hom te ry aangesien hy daarop aangedring het dat die veiligheid-konne 'n slalombaan was,Afrikaans
They were excited to see their first sloth, English
The thunderous roar of the jet overhead confirmed her worst fears, English
Ze was het type meisje dat in een roze huis wilde wonen,Nederlands
The random sentence generator generated a random sentence about a random sentence, English
It turns out you don't need all that stuff you insisted you did, English
Als ik iets niet leuk vind blijf ik er weg van,Nederlands
You realize you're not alone as you sit in your bedroom massaging your calves after a long day of playing tug-of-war with Grandpa Joe in the hospital, English
She was too busy always talking about what she wanted to do to actually do any of it, English
He went on a whiskey diet and immediately lost three days, English
The Guinea fowl flies through the air with all the grace of a turtle, English
Sy praat altyd in 'n harde stem met hom,Afrikaans
There were three sphered rocks congregating in a cubed room, English
She had some amazing news to share but nobody to share it with, English
Hy het die diep ruimte 'n sagte geel gekleur,Afrikaans
If my calculator had a history it would be more embarrassing than my browser history, English
De ironie van de situatie ging niemand in de kamer verloren,Nederlands
Soms is alles wat jy moet doen om jouself heeltemal belaglik te maak en dit af te lag om te besef dat die lewe regtig nie so sleg is nie,Afrikaans
Choosing to do nothing is still a choice after all, English
Dit het hom onkant gevang dat die ruimte na gebraai steak geruik het,Afrikaans
Doris het daarvan gehou om haar naels op die tafel te tik om almal te irriteer,Afrikaans
Het geheugen dat we vroeger deelden is niet meer coherent,Nederlands
Liefde is nie soos pizza nie,Afrikaans
Martha came to the conclusion that shake weights are a great gift for any occasion, English
The urgent care center was flooded with patients after the news of a new deadly virus was made public, English
Ze zag geen ironie in het vragen om mij te veranderen maar wilde dat ik haar accepteerde zoals ze is,Nederlands
Italië is my gunsteling land eintlik beplan ek om twee weke daar volgende jaar deur te bring,Afrikaans
She looked into the mirror and saw another person, English
Haar haar woei in de wind terwijl ze in de zwarte cabrio reed,Nederlands
